"Company","Role","Location","Job Type","Job ID","Required Exp (Yrs)","Preferred Exp (Yrs)","Sponsorship","Posted Date","Apply URL","First Seen"
"Meta Platforms, Inc","Embedded Software Engineer, Firmware","Sunnyvale, CA, US; Redmond, WA, US","Full-time","893276690137821","","","Not Mentioned","2026-08-10T07:58:51-07:00","https://www.metacareers.com/profile/job_details/893276690137821/","2026-09-22T23:13:30.107Z"
"Meta Platforms, Inc","Embedded Software Engineer","Redmond, WA, US","Full-time","4535026343380190","","","Not Mentioned","2026-08-05T07:13:23-07:00","https://www.metacareers.com/profile/job_details/4535026343380190/","2026-08-20T08:44:07.198Z"
"Meta Platforms, Inc","Embedded Software Engineer, Connectivity/Wireless","Redmond, WA, US; Burlingame, CA, US; San Diego, CA, US; Remote, US, US; New York, NY, US","Full-time","1967414873947303","","","Not Mentioned","2026-09-08T18:27:25-07:00","https://www.metacareers.com/profile/job_details/1967414873947303/","2026-09-11T20:51:53.658Z"
"Meta Platforms, Inc","Embedded Software Engineer","Hsinchu, Taiwan, TW","Full-time","1380163667611704","","","Not Mentioned","2026-09-17T20:57:11-07:00","https://www.metacareers.com/profile/job_details/1380163667611704/","2026-09-18T06:30:58.522Z"
"Google LLC","Software Engineer, Core Runtime, BigQuery","Kirkland, WA","Not specified","86584875905098438","2","","Not Mentioned","","https://www.google.com/about/careers/applications/jobs/results/86584875905098438-software-engineer-core-runtime-bigquery?location=United%20States&hl=en&sort_by=date&employment_type=FULL_TIME&q=%22Software%20Engineer%22&page=3","2026-09-18T16:16:48.968Z"
"Google LLC","Software Engineer, Applied Research, YouTube Languages Capabilities","Mountain View, CA","Not specified","92679765210604230","2","2","Not Mentioned","","https://www.google.com/about/careers/applications/jobs/results/92679765210604230-software-engineer-applied-research-youtube-languages-capabilities?location=United%20States&hl=en&sort_by=date&employment_type=FULL_TIME&q=%22Software%20Engineer%22","2026-09-22T12:32:28.610Z"
"Amazon.com Services LLC","Software Dev Engineer II, Managed AWS Global Expansion","US, WA, Seattle","Internship","10557064","","3","Not Mentioned","September 22, 2026","https://www.amazon.jobs/en/jobs/10557064/software-dev-engineer-ii-managed-aws-global-expansion","2026-09-22T23:13:30.107Z"
"Amazon.com Services LLC","Software Development Engineer, Seller Assistant, SPX","US, WA, Seattle","Internship","10556935","","3","Not Mentioned","September 22, 2026","https://www.amazon.jobs/en/jobs/10556935/software-development-engineer-seller-assistant-spx","2026-09-22T23:13:30.107Z"
"Amazon.com Services LLC","Systems Development Engineer I, Amazon Foundational Security Services (AFSS)","US, WA, Seattle","Not specified","10557081","","","Not Mentioned","September 22, 2026","https://www.amazon.jobs/en/jobs/10557081/systems-development-engineer-i-amazon-foundational-security-services-afss","2026-09-22T23:13:30.107Z"
"Amazon.com Services LLC","Front-End Engineer, Luna Omni","US, WA, Seattle","Internship","10556675","","1","Not Mentioned","September 22, 2026","https://www.amazon.jobs/en/jobs/10556675/front-end-engineer-luna-omni","2026-09-22T23:13:30.107Z"
"Amazon.com Services LLC","Software Development Engineer, Amazon Customer Service","US, WA, Seattle","Internship","10556824","","3","Not Mentioned","September 22, 2026","https://www.amazon.jobs/en/jobs/10556824/software-development-engineer-amazon-customer-service","2026-09-22T23:13:30.107Z"
"Amazon.com Services LLC","Software Dev Engineer II, Control Plane & Orchestration, Prime Video","US, NY, New York","Internship","10556712","","3","Not Mentioned","September 22, 2026","https://www.amazon.jobs/en/jobs/10556712/software-dev-engineer-ii-control-plane-orchestration-prime-video","2026-09-22T23:13:30.107Z"
"Amazon.com Services LLC","Software Development Engineer, Amazon Vulnerability Management Service","US, WA, Seattle","Internship","10556982","","3","Not Mentioned","September 22, 2026","https://www.amazon.jobs/en/jobs/10556982/software-development-engineer-amazon-vulnerability-management-service","2026-09-22T23:13:30.107Z"
"Amazon.com Services LLC","Software Development Engineer, Amazon Connect Telecom Engineering","US, CA, Sunnyvale","Internship","10552602","","","Not Mentioned","September 17, 2026","https://www.amazon.jobs/en/jobs/10552602/software-development-engineer-amazon-connect-telecom-engineering","2026-09-17T20:09:56.968Z"
"Amazon.com Services LLC","Machine Learning - Compiler Engineer , AWS Neuron, Annapurna Labs","US, CA, Cupertino","Internship","10552986","","","Not Mentioned","September 17, 2026","https://www.amazon.jobs/en/jobs/10552986/machine-learning-compiler-engineer-aws-neuron-annapurna-labs","2026-09-18T01:12:36.055Z"
"Amazon.com Services LLC","Software Engineer, Data Platform","US, CA, San Francisco","Not specified","10553687","","","Not Mentioned","September 18, 2026","https://www.amazon.jobs/en/jobs/10553687/software-engineer-data-platform","2026-09-18T19:08:50.706Z"
"Amazon.com Services LLC","Software Development Engineer, Amazon Customer Service","US, WA, Seattle","Internship","10553745","","3","Not Mentioned","September 18, 2026","https://www.amazon.jobs/en/jobs/10553745/software-development-engineer-amazon-customer-service","2026-09-18T19:08:50.706Z"
"Amazon.com Services LLC","Software Development Engineer II, OrcaLabs","US, WA, Seattle","Internship","10553852","","","Not Mentioned","September 18, 2026","https://www.amazon.jobs/en/jobs/10553852/software-development-engineer-ii-orcalabs","2026-09-18T19:08:50.706Z"
"Amazon.com Services LLC","Software Development Engineer, AWS OpenSearch Service","US, TX, Austin","Internship","10554084","","","Not Mentioned","September 18, 2026","https://www.amazon.jobs/en/jobs/10554084/software-development-engineer-aws-opensearch-service","2026-09-19T00:07:28.021Z"
"Amazon.com Services LLC","Software Development Engineer, Kiro","US, WA, Seattle","Internship","10554903","","3","Unclear","September 21, 2026","https://www.amazon.jobs/en/jobs/10554903/software-development-engineer-kiro","2026-09-21T19:15:49.569Z"
"Amazon.com Services LLC","Software Development Engineer, Amazon Leo for Government","US, WA, Redmond","Internship","10554995","","3","Not Mentioned","September 21, 2026","https://www.amazon.jobs/en/jobs/10554995/software-development-engineer-amazon-leo-for-government","2026-09-21T19:15:49.569Z"
"Amazon.com Services LLC","Software Development Engineer, Amazon Marketing Cloud Assistant","US, CO, Boulder","Internship","10555497","","3","Not Mentioned","September 21, 2026","https://www.amazon.jobs/en/jobs/10555497/software-development-engineer-amazon-marketing-cloud-assistant","2026-09-21T22:47:19.825Z"
"Amazon.com Services LLC","Software Development Engineer, 3P Measurement Tech","US, NY, New York","Internship","10555703","","","Not Mentioned","September 22, 2026","https://www.amazon.jobs/en/jobs/10555703/software-development-engineer-3p-measurement-tech","2026-09-22T01:33:34.300Z"
"Amazon.com Services LLC","Software Development Engineer, STRADA","US, MN, Minneapolis","Internship","10556156","","","Not Mentioned","September 22, 2026","https://www.amazon.jobs/en/jobs/10556156/software-development-engineer-strada","2026-09-22T17:12:58.766Z"
"Amazon.com Services LLC","Software Development Engineer , Leo Regulus","US, WA, Redmond","Internship","10556579","","","Not Mentioned","September 22, 2026","https://www.amazon.jobs/en/jobs/10556579/software-development-engineer-leo-regulus","2026-09-22T17:12:58.766Z"
"Amazon.com Services LLC","Software Development Engineer, Conversational Ads Experience","US, WA, Seattle","Internship","10554916","","","Unclear","September 21, 2026","https://www.amazon.jobs/en/jobs/10554916/software-development-engineer-conversational-ads-experience","2026-09-22T17:12:58.766Z"
"Amazon.com Services LLC","System Development Engineer, STRADA","US, MN, Minneapolis","Not specified","10556257","","","Not Mentioned","September 22, 2026","https://www.amazon.jobs/en/jobs/10556257/system-development-engineer-strada","2026-09-22T17:12:58.766Z"
"Qualcomm Technologies, Inc","Video Research Engineer (Multiple Levels)","San Diego, California, United States of America; Hsinchu City, Taiwan; Munich, Germany","FULL_TIME","446716320059","","","Not Mentioned","2026-09-17T00:00:00","https://careers.qualcomm.com/careers/job/446716320059","2026-08-18T14:06:49.813Z"
"Qualcomm Technologies, Inc","Speech & Audio Research Engineer","San Diego, California, United States of America","FULL_TIME","446719164923","","","Not Mentioned","2026-09-17T00:00:00","https://careers.qualcomm.com/careers/job/446719164923","2026-08-18T14:06:49.813Z"
"Qualcomm Technologies, Inc","Computer Vision Engineer","San Diego, California, United States of America","FULL_TIME","446720178575","","4","Not Mentioned","2026-09-17T00:00:00","https://careers.qualcomm.com/careers/job/446720178575","2026-08-18T14:47:33.519Z"
"Qualcomm Technologies, Inc","Machine Learning / Computer Vision Engineer","San Diego, California, United States of America","FULL_TIME","446720988289","","","Not Mentioned","2026-09-17T00:00:00","https://careers.qualcomm.com/careers/job/446720988289","2026-09-10T10:46:13.590Z"
"Qualcomm Technologies, Inc","Machine Learning Compiler Engineer","New York City, New York, United States of America","FULL_TIME","446717346550","","","Not Mentioned","2026-09-17T00:00:00","https://careers.qualcomm.com/careers/job/446717346550","2026-09-18T01:13:23.144Z"
"Qualcomm Technologies, Inc","Embedded Software Engineer","San Diego, California, United States of America","FULL_TIME","446721159112","","","Not Mentioned","2026-09-18T00:00:00","https://careers.qualcomm.com/careers/job/446721159112","2026-09-18T21:49:20.662Z"
"Qualcomm Technologies, Inc","PE Software Engineer","Santa Clara, California, United States of America","FULL_TIME","446721155295","","","Not Mentioned","2026-09-18T00:00:00","https://careers.qualcomm.com/careers/job/446721155295","2026-09-18T21:49:20.662Z"
"Qualcomm Technologies, Inc","Machine Learning, Engineer","San Diego, California, United States of America","FULL_TIME","446721204552","","","Not Mentioned","2026-09-21T00:00:00","https://careers.qualcomm.com/careers/job/446721204552","2026-09-22T01:34:57.002Z"
"Apple Inc","iOS Engineer, Apple Pay Security","Pay Security Cupertino, California, United States","Not specified","200681216-0836","","","Not Mentioned","2026-09-22","https://jobs.apple.com/en-us/details/200681216-0836/ios-engineer-apple-pay-security?team=SFTWR","2026-09-04T05:03:20.863Z"
"Apple Inc","Applied Machine Learning Research Engineer","Research Engineer Sunnyvale, California, United States","Not specified","200685190-3956","","3","Not Mentioned","2026-09-22","https://jobs.apple.com/en-us/details/200685190-3956/applied-machine-learning-research-engineer?team=MLAI","2026-09-22T23:13:30.107Z"
"Apple Inc","UI Frameworks Engineer, Swift Platform Experience","Platform Experience Cupertino, California, United States","Not specified","200685106-0836","","","Not Mentioned","2026-09-22","https://jobs.apple.com/en-us/details/200685106-0836/ui-frameworks-engineer-swift-platform-experience?team=SFTWR","2026-09-22T23:13:30.107Z"
"Apple Inc","Machine Learning Engineer, Wallet Intelligence and Machine Learning","Machine Learning Cupertino, California, United States","Not specified","200680751-0836","","","Not Mentioned","2026-09-22","https://jobs.apple.com/en-us/details/200680751-0836/machine-learning-engineer-wallet-intelligence-and-machine-learning?team=MLAI","2026-09-22T23:13:30.107Z"
"Apple Inc","Machine Learning & Data Scientist, OS Power & Performance","Performance Cupertino, California, United States","Not specified","200684248-0836","","","Not Mentioned","2026-09-22","https://jobs.apple.com/en-us/details/200684248-0836/machine-learning-data-scientist-os-power-performance?team=SFTWR","2026-09-22T23:13:30.107Z"
"Apple Inc","Data Scientist, Audio Telemetry Intelligence","Intelligence San Diego, California, United States","Not specified","200652696-3543","","","Not Mentioned","2026-09-22","https://jobs.apple.com/en-us/details/200652696-3543/data-scientist-audio-telemetry-intelligence?team=SFTWR","2026-09-22T23:13:30.107Z"
"Apple Inc","Software Engineer - UI Rendering","Rendering Cupertino, California, United States","Not specified","200680505-0836","3","","Not Mentioned","2026-09-18","https://jobs.apple.com/en-us/details/200680505-0836/software-engineer-ui-rendering?team=SFTWR","2026-09-18T19:08:50.706Z"
"Apple Inc","Camera Software Frameworks Engineer","Diego Metro Area, California, United States","Not specified","200683544","","","Not Mentioned","2026-09-18","https://jobs.apple.com/en-us/details/200683544/camera-software-frameworks-engineer?team=SFTWR","2026-09-18T19:08:50.706Z"
"Apple Inc","Software Engineer (AML), AI & Data Platforms (AiDP)","Austin, Texas, United States","Not specified","200684574-0157","","","Not Mentioned","2026-09-18","https://jobs.apple.com/en-us/details/200684574-0157/software-engineer-aml-ai-data-platforms-aidp?team=SFTWR","2026-09-18T19:08:50.706Z"
"Apple Inc","Software Engineer (Data Solutions), AI & Data Platforms (AiDP)","Austin, Texas, United States","Not specified","200684577-0157","","","Not Mentioned","2026-09-18","https://jobs.apple.com/en-us/details/200684577-0157/software-engineer-data-solutions-ai-data-platforms-aidp?team=SFTWR","2026-09-18T19:08:50.706Z"
"Apple Inc","Software Engineer (Data Solutions), AI & Data Platforms (AiDP)","Sunnyvale, California, United States","Not specified","200684577-3956","","","Not Mentioned","2026-09-18","https://jobs.apple.com/en-us/details/200684577-3956/software-engineer-data-solutions-ai-data-platforms-aidp?team=SFTWR","2026-09-18T19:08:50.706Z"
"Apple Inc","Software Engineer - Journal Team","Journal Team Cupertino, California, United States","Not specified","200684192-0836","2","","Not Mentioned","2026-09-18","https://jobs.apple.com/en-us/details/200684192-0836/software-engineer-journal-team?team=SFTWR","2026-09-18T19:08:50.706Z"
"Apple Inc","Software Engineer - Journal Team","Team San Diego, California, United States","Not specified","200684192-3543","2","","Not Mentioned","2026-09-18","https://jobs.apple.com/en-us/details/200684192-3543/software-engineer-journal-team?team=SFTWR","2026-09-18T19:08:50.706Z"
"Apple Inc","Software Engineer (Graph), Supply Chain Integration","Chain Integration Sunnyvale, California, United States","Not specified","200684594-3956","","","Not Mentioned","2026-09-18","https://jobs.apple.com/en-us/details/200684594-3956/software-engineer-graph-supply-chain-integration?team=SFTWR","2026-09-18T19:08:50.706Z"
"Apple Inc","Software Engineer, Finance Engineering","Francisco Bay Area, California, United States","Not specified","200684265-3401","","","Not Mentioned","2026-09-18","https://jobs.apple.com/en-us/details/200684265-3401/software-engineer-finance-engineering?team=SFTWR","2026-09-18T21:48:15.567Z"
"Apple Inc","Software Engineer - Systems","Systems Cupertino, California, United States","Not specified","200684670-0836","","","Not Mentioned","2026-09-18","https://jobs.apple.com/en-us/details/200684670-0836/software-engineer-systems?team=SFTWR","2026-09-18T21:48:15.567Z"
"Apple Inc","Data Governance Engineer","Governance Engineer Austin, Texas, United States","Not specified","200684475-0157","","","Unclear","2026-09-21","https://jobs.apple.com/en-us/details/200684475-0157/data-governance-engineer?team=SFTWR","2026-09-21T06:58:58.699Z"
"Apple Inc","Data Governance Engineer","Governance Engineer Cupertino, California, United States","Not specified","200684475-0836","","","Unclear","2026-09-21","https://jobs.apple.com/en-us/details/200684475-0836/data-governance-engineer?team=SFTWR","2026-09-21T06:58:58.699Z"
"Apple Inc","Software Integrity Engineer, Sensing & Connectivity","Connectivity Cupertino, California, United States","Not specified","200684740-0836","","","Not Mentioned","2026-09-21","https://jobs.apple.com/en-us/details/200684740-0836/software-integrity-engineer-sensing-connectivity?team=SFTWR","2026-09-21T19:15:49.569Z"
"Apple Inc","Network Engineer, Infrastructure Services","Sacramento Metro Area, California, United States","Not specified","200683520-3121","","","Not Mentioned","2026-09-21","https://jobs.apple.com/en-us/details/200683520-3121/network-engineer-infrastructure-services?team=SFTWR","2026-09-21T19:15:49.569Z"
"Apple Inc","Systems Software Engineer, Intelligence Orchestration, Proactive Intelligence","Proactive Intelligence Cupertino, California, United States","Not specified","200670440-0836","","","Not Mentioned","2026-09-21","https://jobs.apple.com/en-us/details/200670440-0836/systems-software-engineer-intelligence-orchestration-proactive-intelligence?team=SFTWR","2026-09-21T19:15:49.569Z"
"Apple Inc","Software Engineer - Generative UI, Input Experience","Input Experience Cupertino, California, United States","Not specified","200684878-0836","","","Not Mentioned","2026-09-21","https://jobs.apple.com/en-us/details/200684878-0836/software-engineer-generative-ui-input-experience?team=SFTWR","2026-09-21T22:47:19.825Z"
"Apple Inc","Tools & Automation Engineer","Engineer San Diego, California, United States","Not specified","200684875-3543","","","Not Mentioned","2026-09-21","https://jobs.apple.com/en-us/details/200684875-3543/tools-automation-engineer?team=SFTWR","2026-09-21T22:47:19.825Z"
"Apple Inc","Software Development Engineer in Test - Charging & Inductive Power","Power San Diego, California, United States","Not specified","200684820-3543","","","Not Mentioned","2026-09-22","https://jobs.apple.com/en-us/details/200684820-3543/software-development-engineer-in-test-charging-inductive-power?team=SFTWR","2026-09-22T01:33:34.300Z"
"Apple Inc","Machine Learning Research Engineer","Research Engineer Cupertino, California, United States","Not specified","200684346-0836","","","Not Mentioned","2026-09-22","https://jobs.apple.com/en-us/details/200684346-0836/machine-learning-research-engineer?team=MLAI","2026-09-22T01:33:34.300Z"
"Apple Inc","Data Engineer, Apple Ads","Apple Ads Cupertino, California, United States","Not specified","200684964-0836","","","Unclear","2026-09-22","https://jobs.apple.com/en-us/details/200684964-0836/data-engineer-apple-ads?team=SFTWR","2026-09-22T01:33:34.300Z"
"Apple Inc","Software Engineer, Employee Experience & Productivity","Productivity Culver City, California, United States","Not specified","200671481-0670","","","Not Mentioned","2026-09-21","https://jobs.apple.com/en-us/details/200671481-0670/software-engineer-employee-experience-productivity?team=SFTWR","2026-09-22T01:33:34.300Z"
"Apple Inc","Software Engineer, Employee Experience & Productivity","Productivity Culver City, California, United States","Not specified","200652948-0670","","","Not Mentioned","2026-09-21","https://jobs.apple.com/en-us/details/200652948-0670/software-engineer-employee-experience-productivity?team=SFTWR","2026-09-22T01:33:34.300Z"
"Apple Inc","Modem System Test Engineer - Wireless Technologies and Ecosystems","Ecosystems Sunnyvale, California, United States","Not specified","200684982-3956","","","Not Mentioned","2026-09-22","https://jobs.apple.com/en-us/details/200684982-3956/modem-system-test-engineer-wireless-technologies-and-ecosystems?team=SFTWR","2026-09-22T17:12:58.766Z"
"IBM Corporation","Graph Workflow Engineer (TS/SCI)","Annapolis Junction, ALEXANDRIA, Chantilly, WASHINGTON, Reston, McLean, Herndon, Bethesda, Catonsville, Frederick, Ashburn, Virginia, Maryland, District of Columbia, United States","Not specified","129240","3","1","Not Mentioned","","https://careers.ibm.com/en_US/careers/JobDetail?jobId=129240","2026-08-18T14:05:15.694Z"
"IBM Corporation","DevOps/Fullstack Developer","Annapolis Junction, ALEXANDRIA, Chantilly, WASHINGTON, Reston, McLean, Herndon, Bethesda, Catonsville, Frederick, Ashburn, Virginia, Maryland, District of Columbia, United States","Not specified","131393","","","Not Mentioned","2014-07-23","https://careers.ibm.com/en_US/careers/JobDetail?jobId=131393","2026-09-10T10:45:16.623Z"
"IBM Corporation","Consultant, Data & AI Engineer","COLUMBIA, Buffalo, HUNTSVILLE, Bloomington, POUGHKEEPSIE, Syracuse, Brookhaven, ROCHESTER, CORAL GABLES, Bentonville, TUCSON, Armonk, DURHAM, Denver, Charlotte, Raleigh, Atlanta, Denver, Minneapolis, Dallas, Houston, Austin, Chicago, New York, Columbus, South Carolina, Georgia, Florida, South Dakota, Minnesota, Tennessee, Illinois, Ohio, Texas, Montana, Iowa, New York, North Carolina, Idaho, Virginia, North Dakota, Alabama, Arkansas, Colorado, Michigan, Oklahoma, Oregon, Pennsylvania, Utah, Indiana, Arizona, United States","Not specified","132398","","","Not Mentioned","2014-07-23","https://careers.ibm.com/en_US/careers/JobDetail?jobId=132398","2026-09-12T01:28:07.970Z"
"IBM Corporation","Microservices Developer","LOWELL, Cambridge, Massachusetts, United States","Not specified","131998","","","Not Mentioned","2014-07-23","https://careers.ibm.com/en_US/careers/JobDetail?jobId=131998","2026-09-12T01:28:07.970Z"
"Oracle America, Inc","AI Ops Engineer","Nashville, TN","Not specified","342202","","","Not Mentioned","09/22/2026, 07:12 PM","https://careers.oracle.com/en/sites/jobsearch/job/342202","2026-09-22T23:16:14.483Z"
"Oracle America, Inc","Senor Software Engineer, Core Infrastructure","Reston, VA, United States","Not specified","345852","","","Not Mentioned","2026-09-22T15:52:39.000Z","https://careers.oracle.com/en/sites/jobsearch/job/345852","2026-09-22T17:14:29.292Z"
"Intel Corporation","Software Application Development Engineer","US, Arizona, Phoenix","FULL_TIME","Spotlight Job","","","Not Mentioned","Posted 30+ Days Ago","https://intel.wd1.myworkdayjobs.com/en-US/External/job/US-Arizona-Phoenix/Software-Application-Development-Engineer-Grade_JR0283627","2026-09-04T05:06:29.075Z"
"Intel Corporation","Database Application Development Engineer","2 Locations","FULL_TIME","JR0286744","3","2","Not Mentioned","Posted Today","https://intel.wd1.myworkdayjobs.com/en-US/External/job/US-Oregon-Hillsboro/Database-Application-Development-Engineer_JR0286744","2026-09-04T05:06:29.075Z"
"Intel Corporation","Software Development Engineer","4 Locations","FULL_TIME","JR0282484","","","Not Mentioned","Posted 10 Days Ago","https://intel.wd1.myworkdayjobs.com/en-US/External/job/US-California-Folsom/Software-Development-Engineer_JR0282484","2026-09-11T13:48:28.560Z"
"Intel Corporation","Software Engineer – Datacenter","2 Locations","FULL_TIME","JR0286998","","","Not Mentioned","Posted 8 Days Ago","https://intel.wd1.myworkdayjobs.com/en-US/External/job/US-California-Santa-Clara/Software-Engineer---Datacenter_JR0286998","2026-09-15T01:23:11.230Z"
"Intel Corporation","Software QA Engineer","US, California, Santa Clara","FULL_TIME","JR0286999","2","","Not Mentioned","Posted 8 Days Ago","https://intel.wd1.myworkdayjobs.com/en-US/External/job/US-California-Santa-Clara/Software-QA-Engineer_JR0286999","2026-09-15T01:23:11.230Z"
"Intel Corporation","Neuromorphic/AI Research Scientist","5 Locations","FULL_TIME","JR0284193","","","Not Mentioned","Posted 6 Days Ago","https://intel.wd1.myworkdayjobs.com/en-US/External/job/US-California-Santa-Clara/Neuromorphic-AI-Research-Scientist_JR0284193","2026-09-17T01:18:43.776Z"
"Intel Corporation","System Simulation Engineer","Costa Rica, San Jose","FULL_TIME","JR0287393","","","Not Mentioned","Posted Yesterday","https://intel.wd1.myworkdayjobs.com/en-US/External/job/Costa-Rica-San-Jose/System-Simulation-Engineer_JR0287393","2026-09-21T22:49:31.500Z"
"Intel Corporation","Foundry Cloud Services Developer","2 Locations","FULL_TIME","JR0287203","","","Not Mentioned","Posted Today","https://intel.wd1.myworkdayjobs.com/en-US/External/job/US-Oregon-Hillsboro/Foundry-Cloud-Services-Developer_JR0287203","2026-09-22T17:14:08.378Z"
"JPMorgan Chase & Co","Software Engineer II- Linux C/C++ systems programming","Jersey City, NJ, United States","Full time","210752932","","","Not Mentioned","2026-09-21T20:21:08.000Z","https://jpmc.fa.oraclecloud.com/hcmUI/CandidateExperience/en/sites/CX_1001/job/210752932","2026-09-21T22:49:21.073Z"
"JPMorgan Chase & Co","Software Engineer II","Plano, TX, United States","Full time","210780850","","","Not Mentioned","2026-09-21T22:54:31.000Z","https://jpmc.fa.oraclecloud.com/hcmUI/CandidateExperience/en/sites/CX_1001/job/210780850","2026-09-22T01:35:02.295Z"
"JPMorgan Chase & Co","Software Engineer II - Automation Tester","Chicago, IL, United States","Full time","210781755","","","Not Mentioned","2026-09-22T16:55:44.000Z","https://jpmc.fa.oraclecloud.com/hcmUI/CandidateExperience/en/sites/CX_1001/job/210781755","2026-09-22T17:14:02.701Z"
"Cisco Systems, Inc","Applied AI Scientist","Seattle, Washington, United States of America","FULL_TIME","2018334","","","Not Mentioned","2026-08-11T00:00:00.000+0000","https://careers.cisco.com/global/en/job/2018334/Applied-AI-Scientist","2026-08-31T03:34:06.705Z"
"Cisco Systems, Inc","Solutions Engineer","Phoenix, Arizona, United States of America","FULL_TIME","2020287","","","Not Mentioned","2026-09-15T00:00:00.000+0000","https://careers.cisco.com/global/en/job/2020287/Solutions-Engineer","2026-09-18T06:32:52.167Z"
"U.S. Bank National Association","Software Engineer 1- (Full Stack Developer)","Atlanta, GA, United States","Full time","2026-0022352","","","Not Mentioned","2026-09-22T00:00:00.000+0000","https://careers.usbank.com/global/en/job/2026-0022352/Software-Engineer-1-Full-Stack-Developer","2026-09-22T23:17:01.382Z"
"U.S. Bank National Association","Software engineer 2 (Java Developer)","Atlanta, GA, United States","Full time","2026-0022172","","","Not Mentioned","2026-09-09T00:00:00.000+0000","https://careers.usbank.com/global/en/job/2026-0022172/Software-engineer-2-Java-Developer","2026-09-10T13:35:04.349Z"
"U.S. Bank National Association","Software Engineer 1 (Mainframe, COBOL)","Saint Paul, MN, United States","Full time","2026-0026538","","","Not Mentioned","2026-09-04T00:00:00.000+0000","https://careers.usbank.com/global/en/job/2026-0026538/Software-Engineer-1-Mainframe-COBOL","2026-09-10T13:35:04.349Z"
"U.S. Bank National Association","Associate Software Engineer (C#, .NET Core)","Hopkins, MN, United States","Full time","2026-0028472","","","Not Mentioned","2026-09-22T00:00:00.000+0000","https://careers.usbank.com/global/en/job/2026-0028472/Associate-Software-Engineer-C-NET-Core","2026-09-15T20:11:34.116Z"
"U.S. Bank National Association","Software Engineer 2 - CorePointAI","Cincinnati, OH, United States","Full time","2026-0027523","","","Not Mentioned","2026-09-16T00:00:00.000+0000","https://careers.usbank.com/global/en/job/2026-0027523/Software-Engineer-2-CorePointAI","2026-09-16T20:01:06.658Z"
"U.S. Bank National Association","Software Engineer (Integration Services (.Net))","Minneapolis, MN, United States","Full time","2026-0027880","","","Not Mentioned","2026-09-17T00:00:00.000+0000","https://careers.usbank.com/global/en/job/2026-0027880/Software-Engineer-Integration-Services-Net","2026-09-18T01:14:21.290Z"
"U.S. Bank National Association","Software Engineer 2 - Salesforce Developer","Brea, CA, United States","Full time","2026-0017670","","","Not Mentioned","2026-09-16T00:00:00.000+0000","https://careers.usbank.com/global/en/job/2026-0017670/Software-Engineer-2-Salesforce-Developer","2026-09-21T07:00:59.733Z"
"Goldman Sachs","Software Engineer, Global Banking & Markets, AI/ML Technology","United States","Not specified","177423","","","Not Mentioned","","https://higher.gs.com/roles/177423","2026-08-22T10:44:34.190Z"
"Goldman Sachs","Software Engineering - SRE Data - Software Engineer - Associate - Dallas","United States","Not specified","179758","","","Not Mentioned","","https://higher.gs.com/roles/179758","2026-08-22T10:44:34.190Z"
"Goldman Sachs","Software Engineer, Global Banking & Markets, Electronic Trading","United States","Not specified","180700","","","Not Mentioned","","https://higher.gs.com/roles/180700","2026-08-22T10:44:34.190Z"
"Goldman Sachs","The Core Engineering-Corporate Treasury, New York, Associate, Software Engineering","United States","Not specified","178036","","","Not Mentioned","","https://higher.gs.com/roles/178036","2026-08-22T10:44:34.190Z"
"Goldman Sachs","Engineering-L2-Dallas-Analyst-Software Engineering","United States","Not specified","181810","","","Not Mentioned","","https://higher.gs.com/roles/181810","2026-08-22T10:44:34.190Z"
"Goldman Sachs","Software Engineer - FCO Technology Team - Analyst - SLC","United States","Not specified","119977","","","Not Mentioned","","https://higher.gs.com/roles/119977","2026-08-22T10:44:34.190Z"
"Goldman Sachs","Engineering - SRE Platforms - SRE Engineer - Associate - Dallas","United States","Not specified","153024","","","Not Mentioned","","https://higher.gs.com/roles/153024","2026-08-24T20:00:28.287Z"
"Goldman Sachs","Software Engineer, Global Banking & Markets, Trading Technology","United States","Not specified","182893","","","Not Mentioned","","https://higher.gs.com/roles/182893","2026-08-31T03:36:02.450Z"
"COMPUNNEL SOFTWARE GROUP, INC","FACETS Developer","","Not specified","MijvGMktu","","","Not Mentioned","","https://staffline.compunnel.com/Support/UploadResume?JobId=MijvGMktu%2b5hb0G6pH2LhQ%3d%3d&Source=4414&EntityGroup=2321","2026-09-22T23:17:16.669Z"
"COMPUNNEL SOFTWARE GROUP, INC","Java Developer + Automation Testing experience","","Not specified","98VlDmjbnjUPTsmfg0Ekng","","","Not Mentioned","","https://staffline.compunnel.com/Support/UploadResume?JobId=98VlDmjbnjUPTsmfg0Ekng%3d%3d&Source=4414&EntityGroup=2321","2026-09-22T23:17:16.669Z"
"COMPUNNEL SOFTWARE GROUP, INC","AI Engineer","","Not specified","WXG5x22HKBwaqB6A7cgx7A","","","Not Mentioned","","https://staffline.compunnel.com/Support/UploadResume?JobId=WXG5x22HKBwaqB6A7cgx7A%3d%3d&Source=4414&EntityGroup=2321","2026-09-22T23:17:16.669Z"
"COMPUNNEL SOFTWARE GROUP, INC","AI Engineer","","Not specified","WnPD1IIWnEAjBD4olZ22Xg","","","Not Mentioned","","https://staffline.compunnel.com/Support/UploadResume?JobId=WnPD1IIWnEAjBD4olZ22Xg%3d%3d&Source=4414&EntityGroup=2321","2026-09-22T23:17:16.669Z"
"WELLS FARGO BANK, N.A","Systems Operations Engineer","","FULL_TIME","r-569611","","","Not Mentioned","2026-09-22T00:00:00+00:00","https://www.wellsfargojobs.com/en/jobs/r-569611/systems-operations-engineer","2026-08-31T03:34:52.046Z"
"Microsoft","Software Engineering, CoreAI","United States, California, Mountain View","FULL_TIME","1970393557001458","","","Not Mentioned","2026-09-22T22:43:58","https://apply.careers.microsoft.com/careers/job/1970393557001458","2026-09-22T23:17:48.011Z"
"Microsoft","Software Engineer - CTJ - TS (Cleared)","United States, Virginia, Reston","FULL_TIME","1970393556982911","","","Not Mentioned","2026-09-22T20:55:40","https://apply.careers.microsoft.com/careers/job/1970393556982911","2026-09-22T23:17:48.011Z"
"Microsoft","Software Engineer - CTJ - TS (Cleared)","United States, Washington, Redmond","FULL_TIME","1970393556982903","","","Not Mentioned","2026-09-22T20:56:12","https://apply.careers.microsoft.com/careers/job/1970393556982903","2026-09-22T23:17:48.011Z"
"Microsoft","Software Engineer - CTJ - Poly","United States, Washington, Redmond; United States, Virginia, Reston","FULL_TIME","1970393556859432","","","Not Mentioned","2026-09-22T20:25:12","https://apply.careers.microsoft.com/careers/job/1970393556859432","2026-08-18T13:52:08.595Z"
